{
  "Majority Class": {
    "ROC-AUC": 0.5,
    "PR-AUC": 0.294,
    "F1": 0.0,
    "Precision": 0.0,
    "Recall": 0.0,
    "MCC": 0.0,
    "Brier": 0.294
  },
  "Logistic Regression": {
    "ROC-AUC": 0.5550673527201249,
    "PR-AUC": 0.35041205918908824,
    "F1": 0.40431266846361186,
    "Precision": 0.33482142857142855,
    "Recall": 0.5102040816326531,
    "MCC": 0.08072009260279374,
    "Brier": 0.25213019599716263
  },
  "GB Classifier (Individual)": {
    "ROC-AUC": 0.509144167582047,
    "PR-AUC": 0.31142122626431407,
    "F1": 0.24644549763033174,
    "Precision": 0.40625,
    "Recall": 0.17687074829931973,
    "MCC": 0.09439675741969437,
    "Brier": 0.22977488905116009
  },
  "RF Classifier (Individual)": {
    "ROC-AUC": 0.5589215856314198,
    "PR-AUC": 0.35143067106543446,
    "F1": 0.21153846153846154,
    "Precision": 0.36065573770491804,
    "Recall": 0.14965986394557823,
    "MCC": 0.05453736876550805,
    "Brier": 0.21958875899641989
  },
  "SVM": {
    "ROC-AUC": 0.5922028868204505,
    "PR-AUC": 0.3634909950877798,
    "F1": 0.4228571428571429,
    "Precision": 0.3645320197044335,
    "Recall": 0.5034013605442177,
    "MCC": 0.12799119642185688,
    "Brier": 0.20388861943611958
  },
  "MLP": {
    "ROC-AUC": 0.5135958065945925,
    "PR-AUC": 0.3085882807674769,
    "F1": 0.358974358974359,
    "Precision": 0.3393939393939394,
    "Recall": 0.38095238095238093,
    "MCC": 0.06992644124787986,
    "Brier": 0.29075579239104316
  },
  "Naive Bayes": {
    "ROC-AUC": 0.5542386926441965,
    "PR-AUC": 0.33844656168935494,
    "F1": 0.3883495145631068,
    "Precision": 0.37037037037037035,
    "Recall": 0.40816326530612246,
    "MCC": 0.11605077316167678,
    "Brier": 0.30517256672163656
  },
  "UttaraRisk-Next (Ours)": {
    "ROC-AUC": 0.5549517257327861,
    "PR-AUC": 0.34567945790388266,
    "F1": 0.05128205128205128,
    "Precision": 0.4444444444444444,
    "Recall": 0.027210884353741496,
    "MCC": 0.04470752703431919,
    "Brier": 0.20678338804963875
  }
}