{
  "Mean Baseline": {
    "MAE": 10.96752851637468,
    "R2": -2.0347343280713304e-05
  },
  "Linear Regression": {
    "MAE": 5.657546751454516,
    "R2": 0.7102386149692772
  },
  "GB Regressor (Individual)": {
    "MAE": 5.309859417121732,
    "R2": 0.7293082041626644
  },
  "RF Regressor (Individual)": {
    "MAE": 5.614998233399638,
    "R2": 0.7035130098437719
  },
  "SVR": {
    "MAE": 9.976929061738053,
    "R2": 0.14332226695298977
  },
  "MLP": {
    "MAE": 5.8431626960435405,
    "R2": 0.6847545380712557
  },
  "UttaraRisk-Next (Ours)": {
    "MAE": 5.326744953902664,
    "R2": 0.7297011830180005
  }
}