{
  "Majority Class": {
    "ROC-AUC": 0.5,
    "PR-AUC": 0.994,
    "F1": 0.9969909729187563,
    "Precision": 0.994,
    "Recall": 1.0,
    "MCC": 0.0,
    "Brier": 0.006
  },
  "Logistic Regression": {
    "ROC-AUC": 0.5600268276324615,
    "PR-AUC": 0.9957002732344269,
    "F1": 0.9969909729187563,
    "Precision": 0.994,
    "Recall": 1.0,
    "MCC": 0.0,
    "Brier": 0.00599954012025197
  },
  "RF Classifier (Individual)": {
    "ROC-AUC": 0.5949027498323274,
    "PR-AUC": 0.9954535321918622,
    "F1": 0.9969909729187563,
    "Precision": 0.994,
    "Recall": 1.0,
    "MCC": 0.0,
    "Brier": 0.006124862312090016
  },
  "GB Classifier (Individual)": {
    "ROC-AUC": 0.5298457411133468,
    "PR-AUC": 0.9940745128803492,
    "F1": 0.993963782696177,
    "Precision": 0.993963782696177,
    "Recall": 0.993963782696177,
    "MCC": -0.006036217303822937,
    "Brier": 0.011290671743866271
  },
  "UttaraRisk-Next (Ours)": {
    "ROC-AUC": 0.4768611670020121,
    "PR-AUC": 0.9938011737482523,
    "F1": 0.9969909729187563,
    "Precision": 0.994,
    "Recall": 1.0,
    "MCC": 0.0,
    "Brier": 0.006024873240563958
  }
}