{
  "abortion": {
    "fold_results": {
      "ROC-AUC": [
        0.5355962255078736,
        0.5036212285130425,
        0.5432744320230797,
        0.532530953239572,
        0.5410135604481894
      ],
      "PR-AUC": [
        0.34177914213788696,
        0.3016084925431459,
        0.35881193413002177,
        0.33098379918505333,
        0.3503844469067731
      ],
      "F1-Score": [
        0.03333333333333333,
        0.0,
        0.01680672268907563,
        0.0,
        0.0
      ],
      "Precision": [
        1.0,
        0.0,
        1.0,
        0.0,
        0.0
      ],
      "Recall": [
        0.01694915254237288,
        0.0,
        0.00847457627118644,
        0.0,
        0.0
      ],
      "Balanced Accuracy": [
        0.5084745762711864,
        0.5,
        0.5042372881355932,
        0.49822695035460995,
        0.5
      ],
      "MCC": [
        0.10958648883438196,
        0.0,
        0.07739218401462013,
        -0.03238396352384813,
        0.0
      ],
      "Brier": [
        0.20616595403687993,
        0.20968175607962514,
        0.2071030970611397,
        0.20733537432672214,
        0.2047500930665724
      ]
    },
    "summary": {
      "ROC-AUC": {
        "mean": 0.5312072799463514,
        "std": 0.01430932901525415
      },
      "PR-AUC": {
        "mean": 0.33671356298057625,
        "std": 0.019829711700126176
      },
      "F1-Score": {
        "mean": 0.010028011204481792,
        "std": 0.013347449157592162
      },
      "Precision": {
        "mean": 0.4,
        "std": 0.48989794855663565
      },
      "Recall": {
        "mean": 0.005084745762711865,
        "std": 0.006779661016949152
      },
      "Balanced Accuracy": {
        "mean": 0.5021877629522778,
        "std": 0.0037144373756576843
      },
      "MCC": {
        "mean": 0.030918941865030792,
        "std": 0.05341828328362697
      },
      "Brier": {
        "mean": 0.20700725491418784,
        "std": 0.0016169335992816418
      }
    }
  },
  "mortality": {
    "fold_results": {
      "ROC-AUC": [
        0.22613065326633167,
        0.8636934673366834,
        0.663727959697733,
        0.6452560873215786,
        0.644416456759026
      ],
      "PR-AUC": [
        0.9914540449266921,
        0.9990762545035551,
        0.9949517698893724,
        0.9948879891860694,
        0.9947351449988325
      ],
      "F1-Score": [
        0.9974937343358395,
        0.9974937343358395,
        0.9962358845671268,
        0.9962358845671268,
        0.9962358845671268
      ],
      "Precision": [
        0.995,
        0.995,
        0.9925,
        0.9925,
        0.9925
      ],
      "Recall": [
        1.0,
        1.0,
        1.0,
        1.0,
        1.0
      ],
      "Balanced Accuracy": [
        0.5,
        0.5,
        0.5,
        0.5,
        0.5
      ],
      "MCC": [
        0.0,
        0.0,
        0.0,
        0.0,
        0.0
      ],
      "Brier": [
        0.005331472841056015,
        0.00509583005826551,
        0.007477049691535087,
        0.007443431696961553,
        0.007516220358507728
      ]
    },
    "summary": {
      "ROC-AUC": {
        "mean": 0.6086449248762704,
        "std": 0.20833676940494267
      },
      "PR-AUC": {
        "mean": 0.9950210407009044,
        "std": 0.002419605560493299
      },
      "F1-Score": {
        "mean": 0.9967390244746118,
        "std": 0.000616218021284836
      },
      "Precision": {
        "mean": 0.9935,
        "std": 0.001224744871391563
      },
      "Recall": {
        "mean": 1.0,
        "std": 0.0
      },
      "Balanced Accuracy": {
        "mean": 0.5,
        "std": 0.0
      },
      "MCC": {
        "mean": 0.0,
        "std": 0.0
      },
      "Brier": {
        "mean": 0.006572800929265178,
        "std": 0.001112478525955186
      }
    }
  }
}